Timestamp,Open,High,Low,Close,Volume
2025-06-19 08:00:00,104642.85,104925.26,104631.26,104888.19,84.25228
2025-06-19 08:15:00,104888.19,104922.08,104875.2,104876.52,56.02204
2025-06-19 08:30:00,104876.51,104924.0,104761.35,104922.21,79.57722
2025-06-19 08:45:00,104922.22,104986.13,104739.44,104746.12,71.53992
2025-06-19 09:00:00,104746.11,104818.81,104729.83,104794.42,31.82148
2025-06-19 09:15:00,104794.42,105000.0,104794.42,104976.03,85.6681
2025-06-19 09:30:00,104976.03,104976.03,104912.63,104926.92,57.34084
2025-06-19 09:45:00,104926.92,105030.0,104926.91,104994.0,109.83224
2025-06-19 10:00:00,104994.0,105038.39,104930.65,105000.01,43.1982
2025-06-19 10:15:00,105000.0,105045.0,104937.08,105044.99,54.49113
2025-06-19 10:30:00,105045.0,105073.53,104953.08,104959.99,57.60753
2025-06-19 10:45:00,104960.0,104960.0,104843.7,104913.19,44.32532
2025-06-19 11:00:00,104913.19,104913.2,104781.14,104843.15,45.81456
2025-06-19 11:15:00,104843.15,104908.39,104828.49,104831.51,38.03253
2025-06-19 11:30:00,104831.51,104831.52,104720.1,104773.21,47.70024
2025-06-19 11:45:00,104773.2,104812.85,104732.69,104776.23,42.3616
2025-06-19 12:00:00,104776.23,104917.05,104694.43,104917.04,79.38019
2025-06-19 12:15:00,104917.04,104917.05,104830.59,104855.04,45.60391
2025-06-19 12:30:00,104855.05,104887.4,104706.59,104711.85,56.47373
2025-06-19 12:45:00,104711.84,104760.0,104663.77,104752.6,68.44406
2025-06-19 13:00:00,104752.61,104784.4,104637.5,104646.9,60.78362
2025-06-19 13:15:00,104646.9,104785.15,104579.59,104785.15,78.81656
2025-06-19 13:30:00,104785.15,104785.15,104522.65,104540.79,91.43056
2025-06-19 13:45:00,104540.79,104540.79,104244.11,104283.33,182.64047
2025-06-19 14:00:00,104283.33,104487.82,104280.62,104476.46,94.61497
2025-06-19 14:15:00,104476.45,104690.47,104440.0,104610.4,83.41419
2025-06-19 14:30:00,104610.41,104622.0,104304.79,104350.0,95.78123
2025-06-19 14:45:00,104350.01,104350.01,104109.06,104148.6,161.97516
2025-06-19 15:00:00,104148.61,104416.01,104148.6,104389.06,156.40692
2025-06-19 15:15:00,104389.07,104443.94,104248.18,104297.22,95.74799
2025-06-19 15:30:00,104297.22,104309.15,104115.08,104231.31,87.65364
2025-06-19 15:45:00,104231.32,104329.47,104078.0,104096.93,156.3317
2025-06-19 16:00:00,104096.94,104333.57,104096.93,104293.5,75.08447
2025-06-19 16:15:00,104293.49,104425.15,104270.0,104363.1,73.53248
2025-06-19 16:30:00,104363.09,104363.1,104122.28,104213.69,78.67599
2025-06-19 16:45:00,104213.7,104259.11,103933.33,104001.13,149.92643
2025-06-19 17:00:00,104001.13,104108.82,103929.27,104060.0,125.78081
2025-06-19 17:15:00,104060.0,104120.81,104000.0,104105.88,66.09852
2025-06-19 17:30:00,104105.88,104814.73,104060.0,104714.24,379.15562
2025-06-19 17:45:00,104714.24,104814.73,104481.96,104521.31,113.00844
2025-06-19 18:00:00,104521.32,104694.01,104479.22,104614.87,101.22476
2025-06-19 18:15:00,104614.87,104636.18,104466.96,104479.9,87.25911
2025-06-19 18:30:00,104479.9,104563.64,104382.35,104413.99,58.93857
2025-06-19 18:45:00,104414.0,104414.0,104294.09,104392.53,48.76481
2025-06-19 19:00:00,104392.54,104464.29,104245.47,104373.73,80.89052
2025-06-19 19:15:00,104373.74,104423.81,104271.1,104298.92,41.93257
2025-06-19 19:30:00,104298.92,104298.93,104126.98,104186.06,107.88764
2025-06-19 19:45:00,104186.07,104300.59,104186.06,104250.44,36.06227
2025-06-19 20:00:00,104250.45,104420.0,104250.44,104352.0,37.95699
2025-06-19 20:15:00,104352.0,104496.0,104263.96,104345.44,53.27989
2025-06-19 20:30:00,104345.45,104400.0,104150.71,104150.71,41.77266
2025-06-19 20:45:00,104150.71,104292.0,104150.0,104266.82,28.12476
2025-06-19 21:00:00,104266.83,104321.7,104266.82,104298.01,30.08571
2025-06-19 21:15:00,104298.01,104413.66,104272.22,104326.48,39.62812
2025-06-19 21:30:00,104326.49,104396.0,104228.53,104352.68,86.24598
2025-06-19 21:45:00,104352.68,104396.0,104278.78,104332.45,20.57978
2025-06-19 22:00:00,104332.45,104599.0,104332.45,104533.72,164.66117
2025-06-19 22:15:00,104533.73,104598.99,104443.6,104508.15,49.49846
2025-06-19 22:30:00,104508.16,104750.0,104486.63,104685.53,55.91206
2025-06-19 22:45:00,104685.53,104774.32,104580.0,104596.29,53.79608
2025-06-19 23:00:00,104596.29,104745.53,104463.56,104725.31,51.6088
2025-06-19 23:15:00,104725.3,104898.31,104633.09,104650.18,120.79722
2025-06-19 23:30:00,104650.18,104760.35,104629.63,104725.78,38.96509
2025-06-19 23:45:00,104725.78,104725.78,104651.2,104658.59,25.0248
2025-06-20 00:00:00,104658.59,104800.0,104563.25,104694.63,128.69114
2025-06-20 00:15:00,104694.63,104700.0,104565.43,104576.9,40.30907
2025-06-20 00:30:00,104576.89,104704.91,104573.9,104687.71,26.39759
2025-06-20 00:45:00,104687.72,104820.0,104680.0,104692.74,43.2401
2025-06-20 01:00:00,104692.74,104719.93,104470.76,104539.64,33.90196
2025-06-20 01:15:00,104539.64,104566.67,104391.38,104406.42,55.13585
2025-06-20 01:30:00,104406.43,104586.64,104406.42,104568.09,49.74337
2025-06-20 01:45:00,104568.1,104797.06,104568.09,104778.5,40.52022
2025-06-20 02:00:00,104778.5,104800.0,104702.09,104702.1,26.66791
2025-06-20 02:15:00,104702.1,104774.67,104681.08,104684.08,159.44962
2025-06-20 02:30:00,104684.08,104684.08,104496.5,104575.8,137.28212
2025-06-20 02:45:00,104575.8,104643.87,104534.68,104628.0,55.05591
2025-06-20 03:00:00,104628.0,104628.0,104511.0,104569.3,51.481
2025-06-20 03:15:00,104569.29,104700.0,104560.0,104690.91,70.47861
2025-06-20 03:30:00,104690.91,104690.91,104591.02,104624.88,61.21462
2025-06-20 03:45:00,104624.87,104649.44,104596.63,104596.63,46.88826
2025-06-20 04:00:00,104596.64,104600.0,104550.74,104552.9,26.90245
2025-06-20 04:15:00,104552.89,104579.92,104453.67,104484.0,74.94751
2025-06-20 04:30:00,104484.0,104500.41,104300.01,104345.74,78.49639
2025-06-20 04:45:00,104345.73,104356.16,104238.02,104258.59,52.87383
2025-06-20 05:00:00,104258.59,104364.23,104258.59,104360.0,86.56852
2025-06-20 05:15:00,104360.0,104380.0,104276.98,104336.27,52.72265
2025-06-20 05:30:00,104336.28,104495.54,104305.69,104485.0,83.04947
2025-06-20 05:45:00,104484.99,104585.99,104484.99,104584.68,103.73674
2025-06-20 06:00:00,104584.68,104769.25,104584.68,104678.71,67.6196
2025-06-20 06:15:00,104678.72,104734.61,104635.47,104689.26,53.47586
2025-06-20 06:30:00,104689.26,104763.8,104682.05,104761.85,57.49085
2025-06-20 06:45:00,104761.85,104761.86,104688.47,104719.86,56.37413
2025-06-20 07:00:00,104719.86,104744.0,104648.46,104743.99,44.80639
2025-06-20 07:15:00,104743.99,105220.0,104743.99,105178.85,374.71458
2025-06-20 07:30:00,105178.85,105500.0,105167.59,105468.29,317.11881
2025-06-20 07:45:00,105468.3,105825.66,105404.19,105811.74,347.17239
2025-06-20 08:00:00,105811.74,106250.0,105780.76,106239.59,417.26424
2025-06-20 08:15:00,106239.59,106480.0,106236.0,106399.53,518.36748
2025-06-20 08:30:00,106399.53,106524.65,105920.06,105920.07,392.48267
2025-06-20 08:45:00,105920.07,106208.72,105920.06,105959.68,240.69119
2025-06-20 09:00:00,105959.68,106078.85,105778.86,106038.4,193.87101
2025-06-20 09:15:00,106038.41,106045.51,105757.48,105827.9,114.41825
2025-06-20 09:30:00,105827.89,105916.0,105822.3,105916.0,79.00952
2025-06-20 09:45:00,105916.0,105995.08,105882.55,105940.58,88.44928
2025-06-20 10:00:00,105940.57,106034.63,105829.18,105987.87,166.67655
2025-06-20 10:15:00,105987.88,106127.26,105904.48,106019.12,95.02924
2025-06-20 10:30:00,106019.13,106168.35,105989.21,106121.99,115.8043
2025-06-20 10:45:00,106121.98,106172.06,105933.12,105958.87,131.938
2025-06-20 11:00:00,105958.87,106056.26,105939.17,105939.17,56.4571
2025-06-20 11:15:00,105939.18,105948.94,105810.78,105925.06,74.67853
2025-06-20 11:30:00,105925.06,105984.11,105801.09,105984.11,101.64307
2025-06-20 11:45:00,105984.12,106075.14,105962.91,105977.82,76.00621
2025-06-20 12:00:00,105977.82,106050.0,105876.01,105958.27,47.17827
2025-06-20 12:15:00,105958.28,105984.16,105906.89,105941.79,43.4832
2025-06-20 12:30:00,105941.79,106107.69,105924.4,105990.16,63.4491
2025-06-20 12:45:00,105990.15,106071.73,105941.54,105982.89,95.21539
2025-06-20 13:00:00,105982.9,106149.17,105982.89,106050.72,92.23419
2025-06-20 13:15:00,106050.72,106074.44,105940.4,106038.55,166.34026
2025-06-20 13:30:00,106038.55,106116.96,105700.03,105874.05,168.84903
2025-06-20 13:45:00,105874.05,105900.0,105361.62,105674.0,328.03178
2025-06-20 14:00:00,105673.99,105795.39,105430.01,105508.12,126.99791
2025-06-20 14:15:00,105508.12,105696.0,105084.0,105300.38,230.58037
2025-06-20 14:30:00,105300.38,105459.85,104790.97,104881.28,319.07772
2025-06-20 14:45:00,104881.28,104881.28,103888.0,103940.01,861.80729
2025-06-20 15:00:00,103940.01,104385.97,103888.0,104289.27,540.04316
2025-06-20 15:15:00,104289.26,104382.36,104187.27,104262.08,212.25167
2025-06-20 15:30:00,104262.08,104623.34,104012.75,104586.27,190.86091
2025-06-20 15:45:00,104586.03,104586.03,104118.09,104217.99,182.46906
2025-06-20 16:00:00,104218.0,104262.96,104043.55,104085.61,193.40501
2025-06-20 16:15:00,104085.61,104269.64,103900.0,104093.47,218.57359
2025-06-20 16:30:00,104093.46,104196.98,103780.0,103780.01,491.12121
2025-06-20 16:45:00,103780.01,103884.22,103620.01,103670.61,347.41843
2025-06-20 17:00:00,103670.61,103761.84,103481.32,103536.71,321.00508
2025-06-20 17:15:00,103536.72,103536.72,102668.0,102949.49,1134.05736
2025-06-20 17:30:00,102949.49,102949.5,102345.0,102895.94,725.49394
2025-06-20 17:45:00,102895.94,103320.32,102675.96,103279.26,565.95795
2025-06-20 18:00:00,103279.26,103348.61,103037.25,103219.72,325.19724
2025-06-20 18:15:00,103219.72,103428.5,103049.84,103136.33,221.78696
2025-06-20 18:30:00,103136.32,103340.06,103109.32,103205.49,108.61882
2025-06-20 18:45:00,103205.49,103339.99,103100.0,103165.45,137.38169
2025-06-20 19:00:00,103165.44,103234.35,103014.73,103076.0,119.22021
2025-06-20 19:15:00,103075.99,103198.1,103010.41,103118.05,74.87828
2025-06-20 19:30:00,103118.05,103329.3,103118.05,103303.58,80.6637
2025-06-20 19:45:00,103303.59,103495.72,103253.66,103307.22,162.71888
2025-06-20 20:00:00,103307.21,103623.63,103300.11,103592.99,225.87759
2025-06-20 20:15:00,103593.0,103828.0,103420.0,103585.57,215.86922
2025-06-20 20:30:00,103585.58,103724.0,103585.57,103655.44,156.84804
2025-06-20 20:45:00,103655.44,103736.0,103631.99,103693.5,113.9223
2025-06-20 21:00:00,103693.51,103719.99,103434.76,103534.49,101.49946
2025-06-20 21:15:00,103534.49,103573.96,103353.06,103491.97,86.45977
2025-06-20 21:30:00,103491.98,103625.2,103484.7,103607.38,53.2983
2025-06-20 21:45:00,103607.38,103680.0,103473.0,103532.0,70.50852
2025-06-20 22:00:00,103531.99,103532.0,103183.52,103312.5,102.76548
2025-06-20 22:15:00,103312.51,103339.99,103096.8,103200.41,130.97259
2025-06-20 22:30:00,103200.41,103308.0,103025.38,103146.76,93.12723
2025-06-20 22:45:00,103146.77,103146.77,102980.0,103107.11,108.2811
2025-06-20 23:00:00,103107.12,103223.58,102963.67,103041.41,99.02219
2025-06-20 23:15:00,103041.41,103226.27,103041.41,103226.27,68.90481
2025-06-20 23:30:00,103226.28,103338.6,103224.8,103296.0,76.4991
2025-06-20 23:45:00,103296.0,103339.99,103261.5,103297.99,51.52531
2025-06-21 00:00:00,103297.98,103297.99,103145.03,103145.03,74.44757
2025-06-21 00:15:00,103145.03,103339.99,103127.48,103335.14,50.44282
2025-06-21 00:30:00,103335.15,103339.98,103225.81,103293.73,49.30109
2025-06-21 00:45:00,103293.73,103293.73,103200.71,103248.07,27.95458
2025-06-21 01:00:00,103248.06,103257.0,103177.65,103256.99,47.8796
2025-06-21 01:15:00,103257.0,103350.46,103137.86,103324.0,61.43456
2025-06-21 01:30:00,103324.0,103461.53,103312.85,103454.0,101.43489
2025-06-21 01:45:00,103454.0,103515.37,103416.15,103515.36,53.09696
2025-06-21 02:00:00,103515.36,103538.6,103412.21,103426.28,40.83339
2025-06-21 02:15:00,103426.29,103440.0,103377.44,103382.17,29.7397
2025-06-21 02:30:00,103382.17,103504.86,103382.16,103495.61,35.62357
2025-06-21 02:45:00,103495.61,103508.0,103430.75,103499.98,32.94752
2025-06-21 03:00:00,103499.99,103592.33,103499.98,103549.85,39.84543
2025-06-21 03:15:00,103549.86,103663.94,103549.85,103663.94,30.96895
2025-06-21 03:30:00,103664.0,103691.67,103593.04,103593.04,35.1275
2025-06-21 03:45:00,103593.05,103616.84,103495.87,103495.87,39.65598
2025-06-21 04:00:00,103495.86,103531.97,103384.31,103419.64,47.73003
2025-06-21 04:15:00,103419.64,103459.28,103402.12,103407.27,28.4058
2025-06-21 04:30:00,103407.26,103407.27,103373.74,103382.64,20.97582
2025-06-21 04:45:00,103382.64,103397.04,103333.0,103384.98,32.63703
2025-06-21 05:00:00,103384.99,103400.0,103343.0,103343.01,26.56149
2025-06-21 05:15:00,103343.01,103468.69,103343.0,103460.56,29.64064
2025-06-21 05:30:00,103460.56,103487.0,103381.2,103381.21,26.61662
2025-06-21 05:45:00,103381.21,103428.04,103381.21,103421.21,33.00391
2025-06-21 06:00:00,103421.21,103441.48,103390.9,103405.28,42.17169
2025-06-21 06:15:00,103405.28,103530.9,103330.0,103496.88,53.79302
2025-06-21 06:30:00,103496.88,103520.0,103485.09,103520.0,17.34247
2025-06-21 06:45:00,103520.0,103599.04,103502.01,103572.69,51.66052
2025-06-21 07:00:00,103572.69,103572.69,103360.02,103380.55,109.90506
2025-06-21 07:15:00,103380.54,103497.48,103380.54,103497.48,34.62068
2025-06-21 07:30:00,103497.47,103510.92,103451.71,103469.83,64.21668
2025-06-21 07:45:00,103469.83,103477.44,103427.46,103458.5,67.32972
2025-06-21 08:00:00,103458.5,103528.03,103458.49,103491.75,71.10846
2025-06-21 08:15:00,103491.75,103526.96,103465.3,103526.95,26.49743
2025-06-21 08:30:00,103526.96,103627.06,103516.6,103619.94,108.66437
2025-06-21 08:45:00,103619.95,103830.48,103600.88,103826.03,129.26698
2025-06-21 09:00:00,103826.03,103826.04,103682.58,103711.99,94.2584
2025-06-21 09:15:00,103712.0,103763.7,103711.99,103750.24,77.26502
2025-06-21 09:30:00,103750.24,103803.95,103653.14,103803.95,92.89873
2025-06-21 09:45:00,103803.94,103933.33,103803.94,103843.37,122.60776
2025-06-21 10:00:00,103843.37,103976.8,103836.99,103919.83,83.59349
2025-06-21 10:15:00,103919.83,103976.62,103861.64,103971.97,56.90445
2025-06-21 10:30:00,103971.98,103982.64,103882.2,103898.99,79.3405
2025-06-21 10:45:00,103898.99,103898.99,103767.77,103831.22,78.58597
2025-06-21 11:00:00,103831.22,103832.63,103724.13,103832.62,43.60561
2025-06-21 11:15:00,103832.62,103890.72,103824.01,103840.01,46.30038
2025-06-21 11:30:00,103840.01,103925.0,103840.01,103866.42,37.89223
2025-06-21 11:45:00,103866.43,103929.99,103848.48,103874.64,39.77227
2025-06-21 12:00:00,103874.63,103946.47,103874.63,103942.15,31.22022
2025-06-21 12:15:00,103942.15,103942.16,103838.0,103890.61,37.8916
2025-06-21 12:30:00,103890.61,103938.0,103828.06,103828.07,35.28855
2025-06-21 12:45:00,103828.07,103836.0,103786.61,103807.7,47.46932
2025-06-21 13:00:00,103807.7,103857.06,103807.7,103826.86,32.88089
2025-06-21 13:15:00,103826.86,103866.98,103817.58,103866.97,41.24037
2025-06-21 13:30:00,103866.97,103866.97,103713.49,103713.49,57.22448
2025-06-21 13:45:00,103713.49,103719.93,103534.62,103572.29,141.06793
2025-06-21 14:00:00,103572.29,103645.9,103483.31,103543.25,78.70237
2025-06-21 14:15:00,103543.25,103607.7,103382.97,103399.16,156.09456
2025-06-21 14:30:00,103399.15,103776.0,103393.54,103687.99,99.77001
2025-06-21 14:45:00,103687.99,103688.0,103426.47,103549.99,163.2824
2025-06-21 15:00:00,103550.0,103680.0,103549.99,103589.15,159.88479
2025-06-21 15:15:00,103589.15,103589.16,103382.55,103396.21,145.95248
2025-06-21 15:30:00,103396.21,103539.0,103281.82,103530.91,163.68716
2025-06-21 15:45:00,103530.91,103616.76,103405.32,103560.9,57.61723
2025-06-21 16:00:00,103560.9,103640.0,103475.33,103568.4,62.71749
2025-06-21 16:15:00,103568.41,103635.52,103568.4,103634.4,37.52495
2025-06-21 16:30:00,103634.4,103639.15,103467.5,103467.51,60.17566
2025-06-21 16:45:00,103467.51,103556.55,103449.1,103486.01,47.80654
2025-06-21 17:00:00,103486.01,103543.64,103483.9,103539.99,68.90551
2025-06-21 17:15:00,103540.0,103589.2,103375.5,103375.5,75.10579
2025-06-21 17:30:00,103375.5,103375.51,103179.4,103286.33,120.53075
2025-06-21 17:45:00,103286.32,103303.2,103174.12,103182.98,78.14111
2025-06-21 18:00:00,103182.98,103423.21,103182.97,103347.6,104.58186
2025-06-21 18:15:00,103347.6,103370.73,103188.3,103252.07,69.21625
2025-06-21 18:30:00,103252.06,103376.78,103129.0,103142.45,74.32452
2025-06-21 18:45:00,103142.44,103142.45,102633.45,102645.22,368.32561
2025-06-21 19:00:00,102645.22,102757.22,102500.0,102609.45,409.66848
2025-06-21 19:15:00,102609.45,102659.88,102480.09,102480.1,274.61355
2025-06-21 19:30:00,102480.1,102543.33,102260.49,102413.4,341.61202
2025-06-21 19:45:00,102413.4,102497.68,102210.43,102245.1,172.15418
2025-06-21 20:00:00,102245.11,102497.6,102206.0,102464.5,145.11136
2025-06-21 20:15:00,102464.5,102490.55,102257.1,102433.0,84.90097
2025-06-21 20:30:00,102433.0,102691.68,102425.21,102686.6,101.94123
2025-06-21 20:45:00,102686.6,102888.88,102660.0,102782.08,122.63548
2025-06-21 21:00:00,102782.09,102836.0,102494.07,102494.07,96.11612
2025-06-21 21:15:00,102494.07,102576.72,101550.0,101848.0,689.47607
2025-06-21 21:30:00,101848.0,101903.93,101110.0,101827.31,917.39627
2025-06-21 21:45:00,101827.31,101827.31,101401.57,101455.61,218.96843
2025-06-21 22:00:00,101455.61,102000.0,101446.74,101886.93,214.53207
2025-06-21 22:15:00,101886.92,101983.86,101727.1,101903.81,132.40148
2025-06-21 22:30:00,101903.8,101944.54,101610.0,101682.56,169.0913
2025-06-21 22:45:00,101682.56,101900.65,101610.0,101772.96,136.36385
2025-06-21 23:00:00,101772.97,101875.97,101564.44,101576.98,185.22906
2025-06-21 23:15:00,101576.98,101664.0,101370.05,101416.65,207.00076
2025-06-21 23:30:00,101416.66,101416.66,100939.65,101196.0,486.87195
2025-06-21 23:45:00,101196.0,102322.41,100837.9,102120.01,805.59095
2025-06-22 00:00:00,102120.02,102588.71,101839.96,101981.49,544.71178
2025-06-22 00:15:00,101981.5,102790.58,101981.5,102493.8,518.33232
2025-06-22 00:30:00,102493.8,103399.62,102460.79,102904.19,540.13059
2025-06-22 00:45:00,102904.18,103183.84,102750.93,102852.0,268.72984
2025-06-22 01:00:00,102852.0,103005.37,102682.11,102796.01,215.19562
2025-06-22 01:15:00,102796.01,102840.47,102477.67,102564.86,266.37508
2025-06-22 01:30:00,102564.86,102618.55,102237.37,102602.64,258.39868
2025-06-22 01:45:00,102602.63,102728.0,102360.0,102387.0,147.93627
2025-06-22 02:00:00,102387.01,102884.0,101885.98,102409.9,364.40177
2025-06-22 02:15:00,102409.89,102438.64,102010.79,102196.3,266.15061
2025-06-22 02:30:00,102196.31,102440.96,101913.66,102376.68,276.91563
2025-06-22 02:45:00,102376.68,102527.12,102248.0,102347.64,207.91292
2025-06-22 03:00:00,102347.63,102600.0,102347.63,102380.0,137.7092
2025-06-22 03:15:00,102380.0,102471.35,102144.47,102158.05,125.2827
2025-06-22 03:30:00,102158.05,102336.0,102127.34,102234.35,96.03965
2025-06-22 03:45:00,102234.35,102376.77,102127.72,102375.4,105.68616
2025-06-22 04:00:00,102375.4,102786.38,102256.01,102645.84,139.86641
2025-06-22 04:15:00,102645.78,102661.62,102433.41,102522.23,83.65767
2025-06-22 04:30:00,102522.22,102691.5,102413.48,102425.49,78.96422
2025-06-22 04:45:00,102425.48,102674.78,102420.61,102548.15,80.9959
2025-06-22 05:00:00,102548.14,102809.64,102548.14,102731.98,134.41319
2025-06-22 05:15:00,102731.97,102919.46,102724.79,102832.59,118.05764
2025-06-22 05:30:00,102832.6,102832.6,102627.91,102677.0,66.66181
2025-06-22 05:45:00,102677.0,102900.0,102609.05,102853.89,95.01361
2025-06-22 06:00:00,102853.89,102943.73,102742.84,102910.3,93.35083
2025-06-22 06:15:00,102910.31,102946.47,102803.09,102820.0,70.08904
2025-06-22 06:30:00,102820.0,102894.14,102728.0,102728.01,89.5764
2025-06-22 06:45:00,102728.01,102769.35,102692.87,102744.36,65.21995
2025-06-22 07:00:00,102744.36,102750.0,102643.31,102643.31,62.17335
2025-06-22 07:15:00,102643.31,102730.81,102563.21,102627.8,97.73294
2025-06-22 07:30:00,102627.8,102627.8,102269.18,102320.0,121.48917
2025-06-22 07:45:00,102319.99,102474.75,102319.99,102424.61,84.46896
2025-06-22 08:00:00,102424.61,102543.2,102318.04,102419.82,128.38252
2025-06-22 08:15:00,102419.82,102580.0,102380.0,102580.0,75.16522
2025-06-22 08:30:00,102580.0,102690.52,102484.0,102629.49,88.40316
2025-06-22 08:45:00,102629.49,102712.34,102524.0,102712.34,61.75197
2025-06-22 09:00:00,102712.34,102804.05,102498.61,102596.78,208.34239
2025-06-22 09:15:00,102596.78,102639.03,102307.69,102366.98,105.80144
2025-06-22 09:30:00,102366.99,102470.93,102287.79,102421.27,93.29213
2025-06-22 09:45:00,102421.28,102471.72,102080.0,102199.99,157.02374
2025-06-22 10:00:00,102199.99,102359.28,102150.0,102359.28,127.72177
2025-06-22 10:15:00,102359.27,102470.38,102220.01,102425.43,93.12477
2025-06-22 10:30:00,102425.43,102528.0,102425.43,102508.72,74.07236
2025-06-22 10:45:00,102508.73,102532.44,102448.93,102495.69,99.63799
2025-06-22 11:00:00,102495.68,102647.26,102428.69,102605.14,98.97758
2025-06-22 11:15:00,102605.14,102740.45,102534.03,102640.0,114.6623
2025-06-22 11:30:00,102640.0,102733.33,102626.0,102695.92,167.99195
2025-06-22 11:45:00,102695.91,102760.5,102626.0,102739.48,106.95556
2025-06-22 12:00:00,102739.47,102831.0,102649.38,102709.1,188.52924
2025-06-22 12:15:00,102709.1,102769.88,102584.36,102646.59,104.55514
2025-06-22 12:30:00,102646.58,102680.0,102588.28,102659.89,81.94384
2025-06-22 12:45:00,102659.89,102768.94,102623.8,102759.98,126.99624
2025-06-22 13:00:00,102759.97,102810.28,102244.89,102281.83,314.21134
2025-06-22 13:15:00,102281.83,102281.83,101011.0,101060.03,767.33351
2025-06-22 13:30:00,101060.02,101086.46,100268.75,100343.92,2093.61441
2025-06-22 13:45:00,100343.92,101000.0,100297.64,100865.66,543.01468
2025-06-22 14:00:00,100865.66,101239.06,100451.45,100451.45,685.94477
2025-06-22 14:15:00,100451.46,100547.22,99400.0,99537.71,2302.39013
2025-06-22 14:30:00,99537.71,100204.52,99066.36,99139.99,1662.49257
2025-06-22 14:45:00,99140.0,99685.69,99076.86,99628.28,1311.95761
2025-06-22 15:00:00,99628.29,99826.34,99339.9,99447.52,691.92754
2025-06-22 15:15:00,99447.52,99797.52,99229.26,99245.82,568.18113
2025-06-22 15:30:00,99245.81,99530.13,99230.92,99287.15,372.94621
2025-06-22 15:45:00,99287.14,99426.87,98889.35,98906.21,606.54709
2025-06-22 16:00:00,98906.21,99330.12,98830.0,98997.99,567.07093
2025-06-22 16:15:00,98997.99,99032.62,98673.66,98805.38,584.01469
2025-06-22 16:30:00,98805.38,99322.74,98744.54,99093.35,432.47103
2025-06-22 16:45:00,99093.35,99689.66,99080.0,99667.17,357.73571
2025-06-22 17:00:00,99667.17,100380.0,99614.45,99978.46,636.41795
2025-06-22 17:15:00,99978.46,99994.76,99440.0,99519.99,308.90313
2025-06-22 17:30:00,99519.99,99842.91,99509.26,99640.0,200.74039
2025-06-22 17:45:00,99640.0,99743.68,99407.98,99480.0,167.9748
2025-06-22 18:00:00,99480.01,99732.3,99389.32,99427.13,150.26674
2025-06-22 18:15:00,99427.13,99613.95,99384.86,99535.21,122.52902
2025-06-22 18:30:00,99535.21,99636.39,99350.34,99636.39,113.37639
2025-06-22 18:45:00,99636.39,99777.61,99425.96,99437.42,111.23846
2025-06-22 19:00:00,99437.42,99453.75,99080.06,99186.24,178.28699
2025-06-22 19:15:00,99186.24,99253.07,99066.66,99093.14,117.72044
2025-06-22 19:30:00,99093.13,99293.3,98992.84,99100.92,159.2438
2025-06-22 19:45:00,99100.91,99110.4,98800.0,98882.84,211.41155
2025-06-22 20:00:00,98882.85,98931.21,98288.0,98471.14,583.36034
2025-06-22 20:15:00,98471.14,98746.09,98200.0,98517.85,377.89772
2025-06-22 20:30:00,98517.85,99285.71,98423.41,99198.85,374.39722
2025-06-22 20:45:00,99198.85,99760.0,98963.47,99536.0,217.82285
2025-06-22 21:00:00,99536.0,99667.01,99196.62,99383.44,217.06681
2025-06-22 21:15:00,99383.08,99514.6,99135.89,99135.89,137.55013
2025-06-22 21:30:00,99135.89,99376.24,99004.72,99373.37,155.2595
2025-06-22 21:45:00,99373.37,99390.18,99056.0,99173.83,71.80325
2025-06-22 22:00:00,99173.83,100534.65,99140.0,100334.81,593.54189
2025-06-22 22:15:00,100334.8,100707.8,99982.26,100318.21,355.08898
2025-06-22 22:30:00,100318.21,100912.0,100300.0,100911.98,275.95124
2025-06-22 22:45:00,100911.97,100980.06,100605.07,100980.05,222.90893
2025-06-22 23:00:00,100980.05,101034.65,100645.88,100740.0,225.82376
2025-06-22 23:15:00,100740.0,101034.58,100737.17,101013.58,197.29378
2025-06-22 23:30:00,101013.58,101013.58,100773.45,100832.52,138.20776
2025-06-22 23:45:00,100832.52,100992.47,100708.57,100963.87,137.50233
2025-06-23 00:00:00,100963.87,100963.87,100580.03,100626.51,224.92476
2025-06-23 00:15:00,100626.5,100795.29,100591.04,100751.93,308.06649
2025-06-23 00:30:00,100751.92,101252.0,100494.25,101198.28,272.90095
2025-06-23 00:45:00,101198.28,101620.0,100863.0,100904.6,650.60245
2025-06-23 01:00:00,100904.6,100917.22,100641.6,100853.45,193.23416
2025-06-23 01:15:00,100853.45,100906.69,100582.32,100610.95,123.29292
2025-06-23 01:30:00,100610.94,100860.0,100564.19,100860.0,80.63511
2025-06-23 01:45:00,100860.0,101109.87,100827.78,101101.64,112.97769
2025-06-23 02:00:00,101101.65,101160.92,100930.2,101037.36,110.30887
2025-06-23 02:15:00,101037.35,101294.07,101020.0,101225.98,130.62936
2025-06-23 02:30:00,101225.98,101399.37,101138.22,101212.98,205.55437
2025-06-23 02:45:00,101212.98,101339.63,101128.27,101301.2,111.97431
2025-06-23 03:00:00,101301.2,101370.68,101125.6,101262.28,106.88805
2025-06-23 03:15:00,101262.28,101320.0,101076.42,101143.17,126.84169
2025-06-23 03:30:00,101143.17,101235.0,101073.32,101098.35,83.83498
2025-06-23 03:45:00,101098.36,101211.77,101090.36,101154.14,87.55738
2025-06-23 04:00:00,101154.13,101209.54,100980.0,101031.16,93.5632
2025-06-23 04:15:00,101031.16,101314.46,101031.16,101266.36,156.00004
2025-06-23 04:30:00,101266.37,101283.99,101181.12,101192.13,117.54629
2025-06-23 04:45:00,101192.12,101240.0,101136.17,101167.99,108.89698
2025-06-23 05:00:00,101168.0,101499.4,101167.99,101424.21,120.46112
2025-06-23 05:15:00,101424.21,101538.08,101424.2,101514.8,126.0594
2025-06-23 05:30:00,101514.79,101537.3,101467.33,101470.97,96.25143
2025-06-23 05:45:00,101470.96,101890.0,101458.63,101771.02,311.52959
2025-06-23 06:00:00,101771.01,101998.96,101771.01,101949.0,232.67529
2025-06-23 06:15:00,101949.0,102064.69,101817.28,101844.87,178.86637
2025-06-23 06:30:00,101844.87,101933.74,101718.57,101756.73,206.91617
2025-06-23 06:45:00,101756.73,101994.62,101645.47,101940.27,239.70428
2025-06-23 07:00:00,101940.28,102137.0,101886.31,101906.2,265.8554
2025-06-23 07:15:00,101906.2,101922.13,101809.3,101852.41,74.00833
2025-06-23 07:30:00,101852.41,101950.0,101748.31,101864.58,110.73391
2025-06-23 07:45:00,101864.59,101974.15,101810.53,101931.04,70.00163
2025-06-23 08:00:00,101931.04,102080.0,101835.53,102018.07,228.39471
2025-06-23 08:15:00,102018.07,102018.07,101865.83,101948.97,212.23346
2025-06-23 08:30:00,101948.96,101948.96,101746.61,101800.0,97.40821
2025-06-23 08:45:00,101799.99,101898.0,101793.64,101881.37,73.11711
2025-06-23 09:00:00,101881.38,101881.38,101642.01,101676.97,236.29921
2025-06-23 09:15:00,101676.97,101722.9,101403.52,101513.81,240.54784
2025-06-23 09:30:00,101513.81,101585.68,101389.09,101469.94,176.56836
2025-06-23 09:45:00,101469.95,101567.67,101469.94,101567.66,91.41624
2025-06-23 10:00:00,101567.66,101577.01,101359.55,101491.77,142.27541
2025-06-23 10:15:00,101491.76,101491.77,101359.59,101367.74,95.02594
2025-06-23 10:30:00,101367.73,101440.0,101198.68,101212.0,125.55564
2025-06-23 10:45:00,101212.0,101516.77,101211.99,101463.21,94.80396
2025-06-23 11:00:00,101463.22,101562.19,101350.0,101369.99,226.99216
2025-06-23 11:15:00,101370.0,101399.92,101133.0,101222.1,190.98116
2025-06-23 11:30:00,101222.1,101283.84,101202.22,101265.9,136.7249
2025-06-23 11:45:00,101265.91,101419.8,101102.76,101289.01,159.1762
2025-06-23 12:00:00,101289.0,101304.0,101153.84,101185.03,146.26865
2025-06-23 12:15:00,101185.06,101225.63,101112.06,101175.13,106.08053
2025-06-23 12:30:00,101175.13,101473.95,101137.67,101386.75,119.85706
2025-06-23 12:45:00,101386.75,101684.7,101386.74,101684.7,161.90195
2025-06-23 13:00:00,101684.7,101684.7,101275.44,101291.42,224.09305
2025-06-23 13:15:00,101291.43,101339.63,101090.38,101136.94,127.36697
2025-06-23 13:30:00,101136.94,102345.67,100792.16,101999.99,725.69754
2025-06-23 13:45:00,102000.0,102480.06,101816.19,102354.14,609.05552
2025-06-23 14:00:00,102354.15,102613.09,102084.65,102259.07,533.89073
2025-06-23 14:15:00,102259.07,102344.0,101823.52,101823.53,308.56222
2025-06-23 14:30:00,101823.52,101976.4,101496.0,101788.2,429.28486
2025-06-23 14:45:00,101788.2,101912.89,101534.28,101624.39,243.69444
2025-06-23 15:00:00,101624.39,102060.25,101624.39,102011.12,185.16059
2025-06-23 15:15:00,102011.11,102024.0,101500.0,101540.02,170.79197
2025-06-23 15:30:00,101540.01,101788.0,101417.59,101580.0,165.27427
2025-06-23 15:45:00,101579.99,101586.21,101301.2,101420.7,194.68465
2025-06-23 16:00:00,101420.71,101453.35,101075.02,101075.02,204.93783
2025-06-23 16:15:00,101075.03,101075.03,100200.0,100272.18,735.87374
2025-06-23 16:30:00,100272.17,100721.17,99613.33,100569.23,770.41796
2025-06-23 16:45:00,100569.23,100921.69,100222.32,100692.1,789.69848
2025-06-23 17:00:00,100692.1,101635.18,100500.22,101277.36,510.52026
2025-06-23 17:15:00,101277.37,102304.6,101243.21,102080.74,732.94212
2025-06-23 17:30:00,102080.74,102690.0,102080.74,102374.16,899.78829
2025-06-23 17:45:00,102374.17,102533.65,102012.0,102484.02,360.88557
2025-06-23 18:00:00,102484.02,103013.18,102387.72,102861.77,754.6807
2025-06-23 18:15:00,102861.77,103185.9,102637.53,102637.73,342.86447
2025-06-23 18:30:00,102637.72,103300.0,102615.76,103056.64,428.19132
2025-06-23 18:45:00,103056.63,103137.94,102863.81,102933.78,200.43431
2025-06-23 19:00:00,102933.77,103170.67,102911.48,103036.97,184.71912
2025-06-23 19:15:00,103036.97,103058.99,102788.0,102858.58,141.23563
2025-06-23 19:30:00,102858.59,103084.0,102676.94,102729.8,210.71141
2025-06-23 19:45:00,102729.81,103230.76,102677.16,103161.29,228.47129
2025-06-23 20:00:00,103161.3,103372.51,102880.0,103324.02,326.44909
2025-06-23 20:15:00,103324.02,103824.01,103301.42,103739.61,552.29981
2025-06-23 20:30:00,103739.62,103911.5,103609.03,103880.01,352.02417
2025-06-23 20:45:00,103880.01,103915.5,103644.08,103739.99,162.99939
2025-06-23 21:00:00,103740.0,103943.07,103716.77,103915.77,176.61071
2025-06-23 21:15:00,103915.78,104214.28,103689.13,103710.37,369.32272
2025-06-23 21:30:00,103710.37,103852.83,103624.19,103666.14,359.59462
2025-06-23 21:45:00,103666.15,103849.4,103634.19,103705.52,149.35081
2025-06-23 22:00:00,103705.52,105546.49,103697.06,105323.83,1418.91595
2025-06-23 22:15:00,105323.84,106019.97,104975.65,105987.88,1046.64891
2025-06-23 22:30:00,105988.0,106074.2,104870.7,105114.68,860.9779
2025-06-23 22:45:00,105114.69,105660.61,104882.88,105538.19,721.09275
2025-06-23 23:00:00,105538.17,105665.05,105232.49,105261.89,381.57384
2025-06-23 23:15:00,105261.89,105500.0,105115.65,105449.12,351.22863
2025-06-23 23:30:00,105449.11,105643.7,105362.7,105396.01,335.74214
2025-06-23 23:45:00,105396.01,105550.01,105283.8,105333.93,186.82367
2025-06-24 00:00:00,105333.94,105500.0,105229.38,105229.38,167.74473
2025-06-24 00:15:00,105229.38,105332.0,105141.05,105151.5,174.07898
2025-06-24 00:30:00,105151.5,105200.45,105000.0,105046.51,235.83788
2025-06-24 00:45:00,105046.51,105234.68,104909.69,105132.59,297.76993
2025-06-24 01:00:00,105132.59,105212.27,104966.99,105113.85,173.62449
2025-06-24 01:15:00,105113.86,105221.07,104975.7,105164.34,144.84073
2025-06-24 01:30:00,105164.33,105179.05,105004.54,105073.98,65.67583
2025-06-24 01:45:00,105073.98,105499.99,105063.37,105450.76,217.15004
2025-06-24 02:00:00,105450.75,105450.75,104827.26,104930.61,197.62629
2025-06-24 02:15:00,104930.61,105031.71,104729.69,105013.68,169.4688
2025-06-24 02:30:00,105013.69,105050.0,104849.99,105033.36,98.55077
2025-06-24 02:45:00,105033.36,105033.36,104743.14,104753.8,392.05588
2025-06-24 03:00:00,104753.8,104988.0,104720.82,104877.06,214.13778
2025-06-24 03:15:00,104877.05,105127.94,104833.79,104989.21,166.57431
2025-06-24 03:30:00,104989.21,105082.13,104885.4,104904.0,77.07759
2025-06-24 03:45:00,104904.0,104983.88,104863.25,104919.6,89.92853
2025-06-24 04:00:00,104919.6,104959.24,104764.23,104764.24,94.35906
2025-06-24 04:15:00,104764.23,104950.54,104704.91,104893.21,101.06246
2025-06-24 04:30:00,104893.2,104928.18,104790.19,104811.14,62.98523
2025-06-24 04:45:00,104811.14,104932.0,104750.93,104826.14,70.50859
2025-06-24 05:00:00,104826.13,105105.43,104826.13,105077.52,161.0559
2025-06-24 05:15:00,105077.52,105213.24,104926.7,105131.65,169.87869
2025-06-24 05:30:00,105131.65,105382.22,105121.68,105330.05,216.37691
2025-06-24 05:45:00,105330.06,105426.48,105264.7,105396.54,253.64692
2025-06-24 06:00:00,105396.54,105520.0,105244.84,105416.32,352.42958
2025-06-24 06:15:00,105416.33,105528.67,105390.96,105493.01,203.99987
2025-06-24 06:30:00,105493.02,105791.67,105485.0,105693.71,268.68666
2025-06-24 06:45:00,105693.72,105811.0,105609.9,105655.23,178.14111
2025-06-24 07:00:00,105655.23,105732.81,105465.26,105486.27,155.15439
2025-06-24 07:15:00,105486.26,105777.0,105420.97,105608.48,239.10315
2025-06-24 07:30:00,105608.48,105623.89,105088.0,105263.9,306.99604
2025-06-24 07:45:00,105263.91,105283.5,104900.0,104933.74,324.59531
2025-06-24 08:00:00,104933.74,105057.36,104689.26,104831.99,330.20716
2025-06-24 08:15:00,104832.0,105066.81,104622.02,105066.81,254.77167
2025-06-24 08:30:00,105066.81,105167.24,104876.47,105044.21,193.68028
2025-06-24 08:45:00,105044.22,105109.71,104915.06,104996.77,91.03338
2025-06-24 09:00:00,104996.78,105288.88,104968.25,105105.6,158.97466
2025-06-24 09:15:00,105105.42,105571.4,105060.0,105396.31,161.94311
2025-06-24 09:30:00,105396.31,105472.54,105212.58,105301.48,151.71835
2025-06-24 09:45:00,105301.48,105307.85,105170.58,105198.98,69.12296
2025-06-24 10:00:00,105198.99,105287.96,105110.71,105174.22,117.31401
2025-06-24 10:15:00,105174.22,105315.97,105108.56,105147.14,95.22373
2025-06-24 10:30:00,105147.13,105351.0,105069.23,105264.93,87.94619
2025-06-24 10:45:00,105264.92,105300.0,105221.99,105281.99,40.17001
2025-06-24 11:00:00,105281.98,105383.83,105140.0,105180.27,106.09182
2025-06-24 11:15:00,105180.26,105358.89,105001.6,105358.88,153.85594
2025-06-24 11:30:00,105358.88,105428.03,105105.42,105173.1,126.31675
2025-06-24 11:45:00,105173.11,105270.48,105148.71,105170.0,78.49438
2025-06-24 12:00:00,105169.99,105295.79,105161.98,105217.25,105.81664
2025-06-24 12:15:00,105217.25,105238.73,104990.54,105068.5,94.03537
2025-06-24 12:30:00,105068.5,105180.0,104968.43,105179.99,141.61378
2025-06-24 12:45:00,105179.99,105306.54,105049.01,105205.47,89.03233
2025-06-24 13:00:00,105205.47,105240.0,105073.2,105211.81,91.52632
2025-06-24 13:15:00,105211.82,105390.27,104995.0,105105.44,258.7585
2025-06-24 13:30:00,105105.44,105281.0,104800.98,105059.95,313.87672
2025-06-24 13:45:00,105059.99,105291.0,104826.52,105065.44,234.95468
2025-06-24 14:00:00,105065.45,105285.71,104950.8,105220.01,219.87392
2025-06-24 14:15:00,105220.01,105543.0,105156.0,105383.83,290.73408
2025-06-24 14:30:00,105383.83,105628.92,105270.0,105620.41,217.69195
2025-06-24 14:45:00,105620.4,105665.52,105343.37,105517.5,182.40776
2025-06-24 15:00:00,105517.5,105731.92,105517.5,105580.1,207.516
2025-06-24 15:15:00,105580.1,105729.3,105515.52,105662.8,142.1582
2025-06-24 15:30:00,105662.81,105675.41,105190.7,105250.01,207.84276
2025-06-24 15:45:00,105250.01,105458.77,105153.01,105244.73,135.89171
2025-06-24 16:00:00,105244.72,105439.77,105172.64,105253.94,119.22697
2025-06-24 16:15:00,105253.93,105490.5,105223.55,105415.44,105.47889
2025-06-24 16:30:00,105415.45,105881.41,105394.11,105823.99,180.77766
2025-06-24 16:45:00,105824.0,106268.0,105739.21,106225.26,620.05762
2025-06-24 17:00:00,106225.25,106290.0,105895.58,105940.32,279.01666
2025-06-24 17:15:00,105940.32,106018.98,105609.8,105673.47,186.50389
2025-06-24 17:30:00,105673.48,106069.15,105635.85,106069.15,123.72425
2025-06-24 17:45:00,106069.14,106153.8,105972.59,106046.69,99.71038
2025-06-24 18:00:00,106046.69,106088.96,105874.59,105877.08,79.06959
2025-06-24 18:15:00,105877.08,105895.59,105637.0,105844.89,108.52546
2025-06-24 18:30:00,105844.9,105849.31,105682.37,105713.9,63.60911
2025-06-24 18:45:00,105713.89,105819.28,105523.8,105533.73,83.35187
2025-06-24 19:00:00,105533.73,105554.42,105309.27,105365.8,104.14706
2025-06-24 19:15:00,105365.8,105549.4,105365.79,105466.45,59.13432
2025-06-24 19:30:00,105466.45,105651.59,105420.0,105451.26,58.84002
2025-06-24 19:45:00,105451.25,105677.82,105270.48,105643.19,95.22712
2025-06-24 20:00:00,105643.2,105643.2,105435.45,105469.12,41.49593
2025-06-24 20:15:00,105469.12,105844.0,105469.11,105813.86,76.93989
2025-06-24 20:30:00,105813.87,105948.81,105744.85,105885.6,83.16369
2025-06-24 20:45:00,105885.6,106098.0,105885.59,106087.3,101.56539
2025-06-24 21:00:00,106087.3,106087.31,105729.95,105834.6,95.46137
2025-06-24 21:15:00,105834.6,106049.7,105834.6,105978.2,64.57915
2025-06-24 21:30:00,105978.21,106040.5,105811.85,105922.14,77.36707
2025-06-24 21:45:00,105922.15,106119.11,105922.15,105989.05,85.89325
2025-06-24 22:00:00,105989.04,105989.04,105734.38,105881.32,80.8597
2025-06-24 22:15:00,105881.32,105973.99,105801.18,105932.73,49.75596
2025-06-24 22:30:00,105932.74,105954.91,105819.27,105926.86,37.72763
2025-06-24 22:45:00,105926.87,106025.92,105898.07,106025.39,47.00024
2025-06-24 23:00:00,106025.39,106028.0,105828.57,105864.66,62.20061
2025-06-24 23:15:00,105864.67,105864.67,105774.9,105837.89,54.34256
2025-06-24 23:30:00,105837.9,105935.1,105804.06,105907.13,53.594
2025-06-24 23:45:00,105907.14,106083.0,105868.62,106083.0,81.62849
2025-06-25 00:00:00,106083.0,106450.0,106021.88,106438.21,185.46386
2025-06-25 00:15:00,106438.2,106438.21,106090.58,106152.91,98.23363
2025-06-25 00:30:00,106152.9,106157.6,105808.03,105939.41,116.07884
2025-06-25 00:45:00,105940.0,106470.21,105934.7,106407.34,192.51708
2025-06-25 01:00:00,106407.34,106463.45,106300.0,106404.87,153.90802
2025-06-25 01:15:00,106404.87,106616.01,106041.17,106145.29,300.88143
2025-06-25 01:30:00,106145.29,106413.0,106016.0,106412.99,101.90696
2025-06-25 01:45:00,106412.99,106423.33,106256.86,106387.43,74.63773
2025-06-25 02:00:00,106387.42,106775.49,106300.0,106725.57,432.53721
2025-06-25 02:15:00,106725.56,106791.18,106540.63,106540.63,164.24342
2025-06-25 02:30:00,106540.63,106599.49,106468.87,106519.97,122.82862
2025-06-25 02:45:00,106519.97,106695.99,106421.75,106474.58,115.40938
2025-06-25 03:00:00,106474.58,106599.9,106305.34,106539.5,85.25005
2025-06-25 03:15:00,106539.49,106583.68,106444.31,106471.01,89.85705
2025-06-25 03:30:00,106471.0,106502.4,106289.6,106291.93,68.50474
2025-06-25 03:45:00,106291.93,106350.0,106216.62,106232.01,82.83648
2025-06-25 04:00:00,106232.01,106308.89,106164.38,106178.08,104.05399
2025-06-25 04:15:00,106178.07,106278.94,106167.36,106269.19,63.47093
2025-06-25 04:30:00,106269.19,106269.2,106022.38,106050.02,123.19951
2025-06-25 04:45:00,106050.01,106218.04,106001.0,106197.56,122.01263
2025-06-25 05:00:00,106197.55,106274.48,106123.04,106166.39,72.38399
2025-06-25 05:15:00,106166.4,106166.4,106037.14,106144.29,60.38661
2025-06-25 05:30:00,106144.29,106396.61,106094.6,106265.41,135.81382
2025-06-25 05:45:00,106265.42,106350.64,106213.72,106213.72,88.27026
2025-06-25 06:00:00,106213.72,106285.05,106125.05,106162.35,70.22264
2025-06-25 06:15:00,106162.35,106430.64,106152.4,106380.8,57.94006
2025-06-25 06:30:00,106380.81,106461.04,106294.31,106438.12,91.16549
2025-06-25 06:45:00,106438.13,106439.9,106371.94,106399.99,45.80675
2025-06-25 07:00:00,106400.0,106424.0,106321.25,106382.0,49.52412
2025-06-25 07:15:00,106381.99,106632.9,106356.84,106617.84,97.24453
2025-06-25 07:30:00,106617.83,106672.03,106535.29,106672.03,66.88782
2025-06-25 07:45:00,106672.02,106702.0,106574.91,106600.01,69.24019
2025-06-25 08:00:00,106600.0,106644.92,106517.09,106620.99,91.40918
2025-06-25 08:15:00,106621.0,106663.24,106429.41,106462.0,77.22719
2025-06-25 08:30:00,106462.0,106462.01,106344.81,106383.11,47.99574
2025-06-25 08:45:00,106383.1,106635.76,106343.13,106635.76,94.89055
2025-06-25 09:00:00,106635.76,106892.4,106590.89,106824.5,184.31552
2025-06-25 09:15:00,106824.5,106919.12,106818.61,106854.01,126.97965
2025-06-25 09:30:00,106854.01,106971.91,106449.61,106506.68,205.31152
2025-06-25 09:45:00,106506.67,106635.32,106472.54,106628.06,106.17587
2025-06-25 10:00:00,106628.05,106763.67,106567.38,106730.74,102.20671
2025-06-25 10:15:00,106730.75,107184.68,106712.8,107108.63,339.56604
2025-06-25 10:30:00,107108.64,107110.78,106910.09,106998.12,240.73728
2025-06-25 10:45:00,106998.12,107132.36,106919.41,107126.49,131.61845
2025-06-25 11:00:00,107126.5,107131.59,106949.01,106949.01,93.31657
2025-06-25 11:15:00,106949.02,107009.04,106866.9,106970.51,117.93521
2025-06-25 11:30:00,106970.5,107198.45,106965.95,107186.86,107.72279
2025-06-25 11:45:00,107186.87,107237.44,107132.35,107198.02,205.40742
2025-06-25 12:00:00,107198.02,107205.15,107002.82,107030.55,155.9257
2025-06-25 12:15:00,107030.55,107094.8,106927.8,107008.31,186.16089
2025-06-25 12:30:00,107008.3,107149.6,106940.29,107065.34,134.99669
2025-06-25 12:45:00,107065.34,107300.0,107049.7,107240.0,161.68077
2025-06-25 13:00:00,107240.0,107442.6,107172.87,107409.31,221.88717
2025-06-25 13:15:00,107409.3,107910.93,107409.3,107870.16,652.82144
2025-06-25 13:30:00,107870.17,108010.26,107528.0,107852.94,586.3866
2025-06-25 13:45:00,107852.94,108130.24,107699.99,107923.21,724.54832
2025-06-25 14:00:00,107923.22,108135.3,107814.13,107906.0,662.43394
2025-06-25 14:15:00,107906.0,107906.01,107226.94,107541.03,724.02575
2025-06-25 14:30:00,107541.02,107820.5,107512.91,107765.09,556.28361
2025-06-25 14:45:00,107765.08,107883.17,107615.38,107629.59,483.81297
2025-06-25 15:00:00,107629.58,107638.0,107359.78,107504.47,385.01963
2025-06-25 15:15:00,107504.47,107523.0,106995.59,107053.07,603.70416
2025-06-25 15:30:00,107053.07,107138.4,106752.36,106917.0,732.88905
2025-06-25 15:45:00,106916.99,107199.98,106864.33,107028.0,524.42645
2025-06-25 16:00:00,107027.99,107359.79,107007.46,107358.29,163.56375
2025-06-25 16:15:00,107358.29,107490.75,107304.26,107343.08,103.33416
2025-06-25 16:30:00,107343.08,107383.57,107108.04,107175.24,171.36362
2025-06-25 16:45:00,107175.24,107175.24,106989.03,107139.81,209.11752
2025-06-25 17:00:00,107139.81,107419.35,107127.67,107386.26,98.01144
2025-06-25 17:15:00,107386.25,107529.35,107355.8,107355.81,107.49138
2025-06-25 17:30:00,107355.81,107385.38,106931.0,107001.92,138.99356
2025-06-25 17:45:00,107001.92,107428.57,106979.65,107402.53,71.70892
2025-06-25 18:00:00,107402.54,107499.58,107265.11,107477.32,82.99455
2025-06-25 18:15:00,107477.33,107510.82,107336.06,107439.89,74.9426
2025-06-25 18:30:00,107439.88,107500.0,107177.52,107435.85,83.14589
2025-06-25 18:45:00,107435.85,107523.9,107324.28,107406.63,105.36869
2025-06-25 19:00:00,107406.62,107750.0,107394.97,107691.3,261.19733
2025-06-25 19:15:00,107691.29,107905.37,107631.72,107874.76,158.36787
2025-06-25 19:30:00,107874.76,107874.76,107563.66,107671.61,124.94427
2025-06-25 19:45:00,107671.61,107815.21,107621.31,107761.68,155.14891
2025-06-25 20:00:00,107761.67,107761.67,107500.0,107613.18,101.87826
2025-06-25 20:15:00,107615.53,107696.11,107581.7,107677.2,68.92509
2025-06-25 20:30:00,107677.2,107840.42,107659.36,107674.17,56.36244
2025-06-25 20:45:00,107674.16,107859.33,107640.29,107781.2,53.75575
2025-06-25 21:00:00,107781.2,108000.0,107573.2,107573.2,150.36862
2025-06-25 21:15:00,107573.21,107702.43,107520.79,107547.93,80.76947
2025-06-25 21:30:00,107547.93,107625.95,107444.57,107475.04,80.21002
2025-06-25 21:45:00,107475.03,107580.0,107456.16,107569.67,47.57394
2025-06-25 22:00:00,107569.67,107569.68,107335.29,107441.73,82.44046
2025-06-25 22:15:00,107441.72,107455.27,107347.64,107367.73,36.13205
2025-06-25 22:30:00,107367.73,107372.63,107233.54,107300.77,49.77131
2025-06-25 22:45:00,107300.77,107306.68,107215.0,107275.01,53.67199
2025-06-25 23:00:00,107275.01,107300.0,107079.9,107298.0,81.27807
2025-06-25 23:15:00,107298.0,107374.08,107147.82,107195.99,46.68907
2025-06-25 23:30:00,107195.99,107232.61,107183.5,107193.8,40.93149
2025-06-25 23:45:00,107193.8,107375.01,107133.89,107340.58,88.16635
2025-06-26 00:00:00,107340.59,107529.36,107340.58,107507.84,159.56729
2025-06-26 00:15:00,107507.85,107623.52,107412.06,107424.76,111.3383
2025-06-26 00:30:00,107424.77,107439.3,107325.3,107343.07,54.31644
2025-06-26 00:45:00,107343.07,107456.1,107252.21,107320.0,62.8754
2025-06-26 01:00:00,107320.0,107320.0,107200.0,107241.44,50.7924
2025-06-26 01:15:00,107241.43,107451.92,107105.43,107439.3,59.09637
2025-06-26 01:30:00,107439.31,107900.0,107324.69,107629.88,224.10242
2025-06-26 01:45:00,107629.87,107716.85,107550.98,107638.01,104.81571
2025-06-26 02:00:00,107638.01,107950.0,107638.01,107802.51,152.23046
2025-06-26 02:15:00,107802.51,107880.0,107741.3,107766.66,73.66007
2025-06-26 02:30:00,107766.67,107800.0,107664.6,107719.11,56.72706
2025-06-26 02:45:00,107719.12,108039.05,107562.4,107920.47,228.93846
2025-06-26 03:00:00,107920.47,108272.45,107920.47,107966.92,296.76906
2025-06-26 03:15:00,107966.92,108100.0,107800.0,107880.74,135.50137
2025-06-26 03:30:00,107880.75,107935.2,107784.84,107847.51,69.27226
2025-06-26 03:45:00,107847.52,107892.66,107783.69,107853.79,56.83399
2025-06-26 04:00:00,107853.79,107953.27,107721.03,107823.5,85.13372
2025-06-26 04:15:00,107823.49,107852.13,107741.3,107776.19,65.07802
2025-06-26 04:30:00,107776.19,107935.17,107704.3,107769.19,102.62132
2025-06-26 04:45:00,107769.18,107868.48,107692.64,107845.41,73.23146
2025-06-26 05:00:00,107845.4,107845.4,107705.35,107796.07,43.34376
2025-06-26 05:15:00,107796.07,107812.5,107672.9,107672.9,48.09546
2025-06-26 05:30:00,107672.91,107680.4,107521.59,107546.12,82.81536
2025-06-26 05:45:00,107546.12,107632.09,107520.0,107632.09,38.88092
2025-06-26 06:00:00,107632.09,107751.0,107553.11,107741.3,99.17066
2025-06-26 06:15:00,107741.3,107778.39,107664.48,107698.91,49.24462
2025-06-26 06:30:00,107698.91,107813.57,107698.91,107750.37,42.0198
2025-06-26 06:45:00,107750.37,107800.0,107700.0,107761.5,49.0578
2025-06-26 07:00:00,107761.5,107878.34,107751.3,107829.09,84.71033
2025-06-26 07:15:00,107829.09,108078.53,107794.87,107973.59,227.20973
2025-06-26 07:30:00,107973.58,108059.06,107909.7,107976.0,111.21011
2025-06-26 07:45:00,107976.0,108016.22,107976.0,108016.22,5.23241
2025-06-26 08:00:00,107813.99,107887.25,107813.99,107887.25,58.34186
2025-06-26 08:15:00,108078.89,108174.86,107800.0,107854.26,160.61322
2025-06-26 08:30:00,107854.26,107856.53,107709.38,107713.82,21.60097
2025-06-26 08:45:00,107805.99,107839.99,107741.3,107753.07,80.49492
2025-06-26 09:00:00,107753.07,107786.53,107723.54,107774.99,13.12031
2025-06-26 09:15:00,107297.47,107458.59,107297.46,107458.59,42.22621
2025-06-26 09:30:00,107458.51,107458.52,107402.17,107402.18,28.17391
2025-06-26 09:45:00,107420.0,107440.0,107297.67,107325.12,85.20965
2025-06-26 10:00:00,107325.13,107468.94,107240.0,107439.78,73.19907
2025-06-26 10:15:00,107391.9,107392.0,107276.0,107352.2,56.02489384
2025-06-26 10:30:00,107352.2,107407.6,107310.0,107362.0,38.29307411
2025-06-26 10:45:00,107362.1,107460.0,107324.1,107407.5,46.73226874
2025-06-26 11:00:00,107407.5,107418.3,107334.1,107363.9,32.66977441
2025-06-26 11:15:00,107363.9,107372.9,107188.3,107204.3,46.18868329
2025-06-26 11:30:00,107204.4,107273.8,107167.6,107171.0,76.12687416
2025-06-26 11:45:00,107171.0,107396.0,107124.8,107340.2,51.71284728
2025-06-26 12:00:00,107340.3,107446.0,107210.7,107248.7,49.86390438
2025-06-26 12:15:00,107248.7,107312.2,107100.0,107210.8,48.44177683
2025-06-26 12:30:00,107210.9,107338.0,107035.4,107320.1,132.89130285
2025-06-26 12:45:00,107320.0,107320.1,107100.0,107127.6,150.12248506
2025-06-26 13:00:00,107127.7,107225.2,107019.6,107054.0,55.66312703
2025-06-26 13:15:00,107054.0,107144.0,107024.1,107121.7,28.69974821
2025-06-26 13:30:00,107121.8,107365.9,107018.4,107247.9,85.9283356
2025-06-26 13:45:00,107248.0,107320.0,106814.7,106956.0,172.07545665
2025-06-26 14:00:00,106956.1,107156.7,106894.1,107054.1,91.42992582
2025-06-26 14:15:00,107054.0,107284.0,106959.0,107231.9,85.19103338
2025-06-26 14:30:00,107231.9,107738.8,107204.2,107649.3,152.85988628
2025-06-26 14:45:00,107649.3,107766.6,107388.0,107440.0,66.49467794
2025-06-26 15:00:00,107440.5,107535.8,107282.4,107284.1,42.16774019
2025-06-26 15:15:00,107284.0,107407.9,106890.6,106933.7,64.21918379
2025-06-26 15:30:00,106933.8,107051.9,106546.8,106918.0,149.44817119
2025-06-26 15:45:00,106918.0,107332.5,106918.0,107316.0,65.45912124
2025-06-26 16:00:00,107316.0,107413.8,107136.0,107231.9,38.04644654
2025-06-26 16:15:00,107231.9,107306.5,107023.8,107239.9,28.91300359
2025-06-26 16:30:00,107235.1,107289.9,107058.9,107166.1,26.87118944
2025-06-26 16:45:00,107166.0,107216.2,107012.0,107213.5,54.05845808
2025-06-26 17:00:00,107213.5,107449.2,107196.0,107232.0,59.12789566
2025-06-26 17:15:00,107232.1,107393.8,107230.0,107355.2,37.97191341
2025-06-26 17:30:00,107355.3,107383.0,107255.0,107288.1,17.309619
2025-06-26 17:45:00,107288.0,107350.9,107148.1,107197.1,31.397982
2025-06-26 18:00:00,107197.2,107599.9,107139.0,107569.5,79.27081565
2025-06-26 18:15:00,107569.6,107586.4,107288.0,107290.0,45.93356638
2025-06-26 18:30:00,107290.1,107372.0,107190.0,107361.4,38.65631816
2025-06-26 18:45:00,107361.4,107419.3,107250.3,107392.1,28.15185248
2025-06-26 19:00:00,107392.1,107515.6,107329.8,107362.4,28.73123994
2025-06-26 19:15:00,107362.5,107553.0,107362.5,107462.0,25.02318964
2025-06-26 19:30:00,107461.9,107614.6,107454.1,107597.8,45.51695931
2025-06-26 19:45:00,107597.8,107684.8,107500.0,107544.0,59.06766303
2025-06-26 20:00:00,107541.3,107644.0,107460.0,107551.4,35.02358575
2025-06-26 20:15:00,107551.4,107639.0,107531.6,107612.9,21.93549379
2025-06-26 20:30:00,107613.0,107954.5,107612.9,107952.1,74.81725861
2025-06-26 20:45:00,107952.2,108007.0,107685.8,107772.2,70.36555295
2025-06-26 21:00:00,107772.2,107805.0,107370.1,107400.1,48.33754461
2025-06-26 21:15:00,107400.1,107434.0,107142.8,107252.8,53.94830707
2025-06-26 21:30:00,107252.9,107333.9,106826.5,106964.5,85.6351049
2025-06-26 21:45:00,106964.6,107109.9,106889.9,107025.8,52.27901004
2025-06-26 22:00:00,107025.8,107209.7,106954.0,107006.1,26.67641655
2025-06-26 22:15:00,107005.6,107235.2,106960.0,107169.0,23.38883208
2025-06-26 22:30:00,107169.0,107217.0,106953.0,106953.0,20.90328745
2025-06-26 22:45:00,106952.9,107099.9,106952.9,106982.9,23.6341904
2025-06-26 23:00:00,106983.0,106997.6,106872.6,106882.0,20.46019944
2025-06-26 23:15:00,106882.1,107075.3,106882.1,107012.1,15.13665214
2025-06-26 23:30:00,107012.0,107051.4,106924.0,106970.9,8.40162564
2025-06-26 23:45:00,106970.9,106972.4,106873.0,106962.8,16.42769445
2025-06-27 00:00:00,106962.9,107160.0,106926.1,107011.9,23.47249374
2025-06-27 00:15:00,107011.9,107186.1,107011.9,107172.1,11.7913738
2025-06-27 00:30:00,107172.0,107187.9,106901.1,106923.0,31.14700039
2025-06-27 00:45:00,106922.9,106936.8,106662.5,106685.9,57.34358693
2025-06-27 01:00:00,106685.9,106953.0,106437.3,106906.9,81.40835072
2025-06-27 01:15:00,106908.0,107084.0,106834.1,107016.1,41.02652442
2025-06-27 01:30:00,107016.1,107140.4,106988.0,107094.0,26.23963922
2025-06-27 01:45:00,107094.0,107227.1,107028.0,107124.1,31.09297134
2025-06-27 02:00:00,107124.1,107234.9,107054.1,107219.9,15.03356743
2025-06-27 02:15:00,107220.0,107286.0,107194.0,107205.6,31.50442279
2025-06-27 02:30:00,107205.1,107278.2,107196.0,107258.2,42.34999793
2025-06-27 02:45:00,107258.0,107300.0,107215.8,107252.0,10.69854686
2025-06-27 03:00:00,107252.0,107349.9,107174.6,107174.6,43.03614636
2025-06-27 03:15:00,107174.6,107355.2,107174.6,107333.9,16.82270672
2025-06-27 03:30:00,107334.0,107500.0,107333.9,107448.2,50.04862422
2025-06-27 03:45:00,107448.1,107500.0,107448.1,107475.9,49.37416083
2025-06-27 04:00:00,107476.0,107499.3,107398.5,107420.0,22.19663416
2025-06-27 04:15:00,107419.5,107437.4,107350.3,107409.0,17.91760026
2025-06-27 04:30:00,107409.0,107499.9,107380.0,107456.0,22.92666414
2025-06-27 04:45:00,107456.0,107573.3,107456.0,107499.5,30.8938182
2025-06-27 05:00:00,107499.6,107547.0,107476.0,107530.0,18.80063495
2025-06-27 05:15:00,107530.0,107530.1,107314.1,107324.9,23.15370195
2025-06-27 05:30:00,107325.0,107379.5,107295.8,107328.9,26.12876286
2025-06-27 05:45:00,107329.0,107365.4,107244.5,107259.6,58.46921682
2025-06-27 06:00:00,107259.7,107370.7,107200.0,107370.1,33.54932554
2025-06-27 06:15:00,107370.1,107388.1,107235.3,107268.0,36.42425158
2025-06-27 06:30:00,107267.4,107373.0,107234.6,107334.0,16.08274597
2025-06-27 06:45:00,107334.3,107376.0,107274.0,107279.1,40.96057656
2025-06-27 07:00:00,107279.2,107500.0,107276.1,107495.0,94.6337691
2025-06-27 07:15:00,107495.0,107742.0,107307.1,107340.0,124.2186895
2025-06-27 07:30:00,107340.0,107340.0,106948.0,106964.9,207.43505455
2025-06-27 07:45:00,106965.0,107020.0,106850.6,106866.6,162.68701583
2025-06-27 08:00:00,106866.7,107032.0,106818.2,106888.0,147.57640405
2025-06-27 08:15:00,106887.9,106887.9,106723.2,106723.3,64.50097894
2025-06-27 08:30:00,106723.3,106857.0,106681.5,106815.0,72.69336651
2025-06-27 08:45:00,106815.0,107098.7,106814.9,107001.0,54.81576454
2025-06-27 09:00:00,107001.0,107014.9,106798.8,106821.7,53.22007679
2025-06-27 09:15:00,106821.6,106943.5,106800.1,106830.6,10.27254931
2025-06-27 09:30:00,106830.7,107083.1,106830.7,107043.9,34.39814456
2025-06-27 09:45:00,107043.9,107139.0,107023.6,107088.0,26.05033492
2025-06-27 10:00:00,107088.0,107164.8,106953.0,107019.4,45.717483
2025-06-27 10:15:00,107019.5,107132.0,106953.0,107007.7,22.66843196
2025-06-27 10:30:00,107008.0,107069.9,106984.0,107013.5,36.72963732
2025-06-27 10:45:00,107013.5,107080.8,106974.0,107000.1,75.64860328
2025-06-27 11:00:00,107000.1,107055.0,107000.0,107024.9,16.11441231
2025-06-27 11:15:00,107024.8,107163.3,106924.6,106924.7,30.47303039
2025-06-27 11:30:00,106924.7,107018.0,106924.7,107007.7,14.47240416
2025-06-27 11:45:00,107007.7,107044.0,106924.0,106999.4,13.61139186
2025-06-27 12:00:00,106999.4,107043.5,106933.2,106980.0,30.43916739
2025-06-27 12:15:00,106980.0,107213.9,106930.0,107184.0,25.53474393
2025-06-27 12:30:00,107184.0,107184.0,106748.0,106764.0,94.01547252
2025-06-27 12:45:00,106762.4,106849.9,106612.9,106691.0,52.85692437
2025-06-27 13:00:00,106690.9,106843.9,106617.1,106796.1,97.34377845
2025-06-27 13:15:00,106796.0,106840.0,106666.4,106702.0,57.58217328
2025-06-27 13:30:00,106702.0,106998.0,106658.0,106866.0,52.9919045
2025-06-27 13:45:00,106865.0,106865.0,106377.0,106835.6,81.32516947
2025-06-27 14:00:00,106835.6,107127.0,106709.9,106721.2,298.41660557
2025-06-27 14:15:00,106721.2,106778.0,106420.7,106508.9,135.40256603
2025-06-27 14:30:00,106508.4,106688.3,106379.1,106551.8,123.58893559
2025-06-27 14:45:00,106551.9,106656.0,106441.0,106566.1,78.5767188
2025-06-27 15:00:00,106566.2,106698.0,106488.0,106582.6,65.13808788
2025-06-27 15:15:00,106584.0,106793.0,106488.0,106784.9,40.99441679
2025-06-27 15:30:00,106785.0,107256.5,106752.0,107184.0,101.22864211
2025-06-27 15:45:00,107184.1,107457.8,107060.0,107312.9,86.02055309
2025-06-27 16:00:00,107313.0,107383.9,107144.1,107174.7,53.2450029
2025-06-27 16:15:00,107174.8,107336.4,107097.1,107294.9,54.99415818
2025-06-27 16:30:00,107294.9,107727.9,107289.5,107462.3,147.74242983
2025-06-27 16:45:00,107462.4,107567.5,107400.0,107481.6,86.72500975
2025-06-27 17:00:00,107481.6,107504.0,107187.5,107208.0,35.47620262
2025-06-27 17:15:00,107208.1,107297.9,106970.0,106994.8,42.69813345
2025-06-27 17:30:00,106994.9,107063.6,106761.8,106767.8,84.53939185
2025-06-27 17:45:00,106767.7,106934.9,106477.5,106878.1,90.40315037
2025-06-27 18:00:00,106878.0,107000.8,106798.0,106811.9,26.40956941
2025-06-27 18:15:00,106811.4,106934.8,106605.6,106687.8,21.85461078
2025-06-27 18:30:00,106687.9,106710.2,106450.0,106561.8,59.07596688
2025-06-27 18:45:00,106562.0,106714.2,106489.6,106714.2,19.92633649
2025-06-27 19:00:00,106714.2,106895.1,106590.1,106856.8,35.85416852
2025-06-27 19:15:00,106860.0,106865.3,106720.0,106791.8,34.32868046
2025-06-27 19:30:00,106791.8,106834.0,106700.0,106824.2,45.26469846
2025-06-27 19:45:00,106824.2,107035.9,106806.1,106811.3,108.69466155
2025-06-27 20:00:00,106811.5,107110.3,106800.0,107028.1,86.59686911
2025-06-27 20:15:00,107028.0,107100.0,106996.8,107033.9,29.84909083
2025-06-27 20:30:00,107033.9,107110.0,106998.4,107108.0,45.07960651
2025-06-27 20:45:00,107109.0,107134.0,107004.1,107127.3,16.60100988
2025-06-27 21:00:00,107127.4,107246.9,107113.9,107174.4,21.36216309
2025-06-27 21:15:00,107174.5,107204.0,107025.3,107174.0,13.10228181
2025-06-27 21:30:00,107174.0,107278.0,107082.1,107111.2,21.82745195
2025-06-27 21:45:00,107111.2,107174.2,107046.0,107046.0,4.68610951
2025-06-27 22:00:00,107046.1,107168.0,107046.0,107167.9,11.45387697
2025-06-27 22:15:00,107168.0,107208.0,107167.9,107182.1,49.11558682
2025-06-27 22:30:00,107182.0,107182.0,107112.0,107126.0,6.51968236
2025-06-27 22:45:00,107126.0,107138.6,107106.0,107108.5,2.83024181
2025-06-27 23:00:00,107108.6,107184.2,107046.1,107156.3,6.36328589
2025-06-27 23:15:00,107156.3,107156.3,106985.6,107018.1,15.89133454
2025-06-27 23:30:00,107018.0,107032.6,106971.1,106995.7,5.72415709
2025-06-27 23:45:00,106995.6,107068.0,106995.6,107054.0,4.12881846
2025-06-28 00:00:00,107054.5,107070.0,106868.8,106868.9,14.67181399
2025-06-28 00:15:00,106868.9,106979.9,106854.3,106959.9,9.64571948
2025-06-28 00:30:00,106960.0,107096.2,106935.9,107078.0,13.56488324
2025-06-28 00:45:00,107078.3,107181.9,107064.1,107064.1,13.66029804
2025-06-28 01:00:00,107064.1,107064.1,106914.0,106914.0,12.97802134
2025-06-28 01:15:00,106914.0,106936.1,106806.4,106832.0,22.69530349
2025-06-28 01:30:00,106832.0,106997.7,106824.0,106993.3,9.87740162
2025-06-28 01:45:00,106993.3,107122.0,106992.0,107074.7,27.50680274
2025-06-28 02:00:00,107074.8,107126.6,107018.0,107064.0,31.47315019
2025-06-28 02:15:00,107064.1,107182.0,107040.9,107182.0,23.58171872
2025-06-28 02:30:00,107181.9,107200.0,107146.7,107151.1,7.89809068
2025-06-28 02:45:00,107151.1,107151.1,107100.9,107101.0,9.55021516
2025-06-28 03:00:00,107101.0,107110.0,107064.5,107073.7,9.37386715
2025-06-28 03:15:00,107073.8,107183.9,107073.8,107171.9,18.38249622
2025-06-28 03:30:00,107172.0,107216.0,107172.0,107211.9,22.13347814
2025-06-28 03:45:00,107211.9,107343.0,107211.9,107292.0,52.09776584
2025-06-28 04:00:00,107292.1,107313.6,107238.6,107244.0,10.53277053
2025-06-28 04:15:00,107244.1,107244.1,107178.0,107234.0,17.302382
2025-06-28 04:30:00,107234.0,107234.0,107176.9,107197.8,6.21464145
2025-06-28 04:45:00,107197.8,107198.1,107176.0,107187.3,7.83204037
2025-06-28 05:00:00,107187.4,107355.1,107173.1,107302.8,144.62748322
2025-06-28 05:15:00,107302.9,107310.0,107272.6,107275.9,6.02574686
2025-06-28 05:30:00,107276.0,107304.6,107270.0,107270.0,7.7284769
2025-06-28 05:45:00,107270.0,107304.6,107257.8,107301.4,6.53497986
2025-06-28 06:00:00,107301.4,107398.1,107301.3,107391.0,24.77882066
2025-06-28 06:15:00,107390.9,107460.0,107381.1,107459.9,14.94981283
2025-06-28 06:30:00,107459.9,107459.9,107394.0,107406.5,19.6291227
2025-06-28 06:45:00,107407.1,107432.0,107390.0,107426.8,4.2365411
2025-06-28 07:00:00,107426.8,107440.0,107397.7,107417.9,4.9979995
2025-06-28 07:15:00,107417.9,107456.0,107413.9,107446.9,8.76668983
2025-06-28 07:30:00,107446.9,107502.7,107445.9,107470.6,83.33761965
2025-06-28 07:45:00,107470.6,107504.6,107448.1,107486.2,21.75251755
2025-06-28 08:00:00,107486.2,107504.1,107382.9,107389.4,9.64650437
2025-06-28 08:15:00,107389.4,107490.7,107364.8,107426.0,20.08486754
2025-06-28 08:30:00,107426.0,107426.0,107374.7,107376.9,5.33342034
2025-06-28 08:45:00,107376.9,107388.0,107349.8,107385.1,29.168869
2025-06-28 09:00:00,107385.1,107385.1,107290.0,107318.0,7.06377664
2025-06-28 09:15:00,107317.9,107331.7,107298.0,107324.2,5.41033074
2025-06-28 09:30:00,107324.1,107326.0,107274.0,107285.6,10.23373783
2025-06-28 09:45:00,107285.6,107317.3,107285.5,107309.7,3.07228372
2025-06-28 10:00:00,107309.8,107339.9,107302.0,107312.3,14.37385398
2025-06-28 10:15:00,107312.4,107428.1,107300.0,107347.7,191.85335611
2025-06-28 10:30:00,107347.6,107394.3,107227.9,107281.5,383.76885349
2025-06-28 10:45:00,107281.5,107298.0,107246.4,107262.4,9.62093439
2025-06-28 11:00:00,107262.4,107288.0,107260.9,107265.7,4.67681257
2025-06-28 11:15:00,107265.8,107298.0,107265.7,107297.1,3.76961894
2025-06-28 11:30:00,107297.0,107330.0,107282.0,107329.4,4.56614263
2025-06-28 11:45:00,107330.0,107371.0,107328.1,107367.8,3.27921232
2025-06-28 12:00:00,107367.9,107370.0,107335.5,107335.5,5.90029392
2025-06-28 12:15:00,107335.5,107335.6,107285.1,107286.0,4.44016545
2025-06-28 12:30:00,107286.0,107321.7,107286.0,107319.4,5.6443731
2025-06-28 12:45:00,107319.5,107351.5,107300.4,107335.1,10.16668309
2025-06-28 13:00:00,107335.1,107356.5,107318.3,107322.4,6.78426232
2025-06-28 13:15:00,107322.4,107322.4,107162.4,107173.6,34.30536679
2025-06-28 13:30:00,107173.6,107176.0,107052.9,107115.1,68.8163334
2025-06-28 13:45:00,107115.2,107120.8,107091.1,107103.9,9.39522748
2025-06-28 14:00:00,107104.0,107185.4,107102.5,107185.3,17.69705865
2025-06-28 14:15:00,107185.3,107257.7,107174.0,107228.1,15.8372555
2025-06-28 14:30:00,107228.0,107256.0,107195.2,107214.0,7.24576383
2025-06-28 14:45:00,107214.0,107214.0,107200.5,107202.1,5.09387043
2025-06-28 15:00:00,107202.1,107243.9,107202.1,107236.1,6.10141575
2025-06-28 15:15:00,107236.0,107239.6,107197.3,107197.4,14.02825078
2025-06-28 15:30:00,107197.3,107291.8,107197.3,107291.7,6.84270878
2025-06-28 15:45:00,107291.8,107550.0,107281.4,107451.5,69.80689177
2025-06-28 16:00:00,107451.6,107522.0,107370.7,107427.9,35.75589091
2025-06-28 16:15:00,107427.9,107430.0,107240.0,107322.0,39.48206387
2025-06-28 16:30:00,107321.9,107450.9,107270.3,107303.3,13.33535993
2025-06-28 16:45:00,107303.4,107303.5,107255.4,107301.7,7.32534021
2025-06-28 17:00:00,107301.8,107375.4,107288.0,107365.6,11.19668481
2025-06-28 17:15:00,107365.5,107365.6,107308.0,107324.4,7.68516853
2025-06-28 17:30:00,107324.3,107437.6,107314.0,107407.1,14.38051674
2025-06-28 17:45:00,107409.8,107552.4,107388.8,107467.3,20.73369628
2025-06-28 18:00:00,107467.4,107478.0,107385.7,107428.0,12.93656836
2025-06-28 18:15:00,107428.0,107439.1,107346.0,107351.3,14.61052386
2025-06-28 18:30:00,107351.3,107372.1,107278.5,107286.0,11.86459819
2025-06-28 18:45:00,107286.1,107330.6,107260.7,107324.0,3.42133707
2025-06-28 19:00:00,107324.1,107328.0,107300.0,107310.6,3.02866776
2025-06-28 19:15:00,107310.6,107342.0,107298.4,107301.9,2.50676716
2025-06-28 19:30:00,107302.0,107303.9,107250.0,107256.4,7.0483876
2025-06-28 19:45:00,107256.5,107258.8,107224.3,107224.3,2.1043096
2025-06-28 20:00:00,107224.4,107226.0,107177.4,107183.8,2.04203926
2025-06-28 20:15:00,107183.8,107236.0,107156.0,107236.0,6.91877789
2025-06-28 20:30:00,107236.0,107236.0,107188.0,107188.0,3.34968247
2025-06-28 20:45:00,107188.0,107211.2,107168.0,107168.1,3.11740386
2025-06-28 21:00:00,107168.1,107240.3,107168.0,107196.0,9.14632149
2025-06-28 21:15:00,107196.1,107269.3,107196.0,107263.9,5.59937978
2025-06-28 21:30:00,107263.9,107312.0,107262.0,107277.4,11.77692815
2025-06-28 21:45:00,107277.4,107359.7,107237.6,107327.5,18.76371699
2025-06-28 22:00:00,107327.6,107382.0,107267.2,107267.2,5.00324873
2025-06-28 22:15:00,107267.3,107322.0,107267.2,107303.9,5.70311532
2025-06-28 22:30:00,107303.9,107380.0,107294.5,107379.9,3.38660637
2025-06-28 22:45:00,107379.9,107379.9,107338.8,107369.0,9.59173038
2025-06-28 23:00:00,107369.1,107369.1,107331.3,107332.0,4.2223899
2025-06-28 23:15:00,107332.0,107349.7,107321.3,107321.3,13.33455569
2025-06-28 23:30:00,107321.3,107321.4,107286.0,107300.4,2.84034626
2025-06-28 23:45:00,107300.5,107312.0,107292.0,107302.7,3.21743516
2025-06-29 00:00:00,107302.7,107312.0,107262.0,107271.9,5.13007879
2025-06-29 00:15:00,107272.0,107483.3,107268.0,107428.1,34.5380453
2025-06-29 00:30:00,107428.1,107466.0,107362.0,107411.9,8.94828341
2025-06-29 00:45:00,107412.0,107512.0,107396.0,107472.0,25.75460143
2025-06-29 01:00:00,107472.1,107473.2,107398.0,107398.1,9.26428507
2025-06-29 01:15:00,107398.0,107432.0,107396.0,107424.1,13.28927574
2025-06-29 01:30:00,107424.0,107427.7,107353.0,107353.1,5.88734819
2025-06-29 01:45:00,107353.0,107361.9,107308.0,107317.9,10.75590432
2025-06-29 02:00:00,107318.0,107330.0,107169.2,107230.0,23.78958478
2025-06-29 02:15:00,107229.9,107248.0,107178.0,107226.1,17.1354871
2025-06-29 02:30:00,107226.1,107360.0,107206.0,107308.1,9.96000922
2025-06-29 02:45:00,107308.0,107313.4,107288.9,107295.5,4.31795796
2025-06-29 03:00:00,107295.5,107295.6,107256.0,107272.1,1.59199339
2025-06-29 03:15:00,107272.0,107301.0,107271.4,107282.0,1.86955484
2025-06-29 03:30:00,107282.0,107282.1,107190.4,107190.4,6.29451743
2025-06-29 03:45:00,107190.4,107215.8,107186.2,107214.5,2.87999957
2025-06-29 04:00:00,107214.5,107257.1,107210.0,107257.0,5.75683213
2025-06-29 04:15:00,107257.1,107257.1,107236.4,107236.5,3.43576633
2025-06-29 04:30:00,107236.5,107238.9,107236.0,107236.0,1.97204993
2025-06-29 04:45:00,107236.1,107280.0,107236.0,107270.1,3.85584353
2025-06-29 05:00:00,107270.1,107270.1,107236.0,107252.2,2.57925005
2025-06-29 05:15:00,107252.2,107252.2,107229.0,107230.0,4.4651408
2025-06-29 05:30:00,107230.0,107254.0,107214.6,107253.9,6.54513915
2025-06-29 05:45:00,107253.9,107316.0,107253.9,107316.0,6.63687265
2025-06-29 06:00:00,107316.0,107332.0,107312.6,107331.9,5.30725225
2025-06-29 06:15:00,107331.9,107344.0,107324.8,107324.9,2.30267295
2025-06-29 06:30:00,107324.9,107352.0,107324.8,107339.0,9.92023876
2025-06-29 06:45:00,107339.0,107386.0,107338.0,107373.2,2.76905902
2025-06-29 07:00:00,107373.3,107425.6,107344.1,107369.0,95.98842559
2025-06-29 07:15:00,107368.9,107369.0,107346.0,107356.1,6.08708512
2025-06-29 07:30:00,107356.1,107356.1,107328.0,107334.9,5.33052708
2025-06-29 07:45:00,107334.9,107413.9,107326.3,107413.9,4.49346217
2025-06-29 08:00:00,107413.9,107500.0,107406.5,107454.6,48.37154332
2025-06-29 08:15:00,107454.7,107463.9,107434.2,107463.8,4.24285442
2025-06-29 08:30:00,107463.9,107728.0,107463.8,107694.9,63.5445766
2025-06-29 08:45:00,107694.9,107729.1,107669.7,107699.9,21.46621489
2025-06-29 09:00:00,107700.0,107842.5,107625.0,107745.4,35.41828718
2025-06-29 09:15:00,107745.5,107893.4,107745.5,107805.0,67.6581865
2025-06-29 09:30:00,107805.0,107972.4,107804.9,107925.0,47.6815425
2025-06-29 09:45:00,107924.9,107985.3,107851.6,107902.1,25.94386315
2025-06-29 10:00:00,107902.2,108189.6,107902.2,108159.9,90.25346476
2025-06-29 10:15:00,108159.9,108300.0,108080.0,108140.1,76.88483397
2025-06-29 10:30:00,108140.1,108180.0,107994.6,107994.6,29.99233752
2025-06-29 10:45:00,107994.6,108227.0,107853.0,108152.3,56.56393831
2025-06-29 11:00:00,108152.4,108192.0,108104.0,108110.3,24.6713966
2025-06-29 11:15:00,108110.3,108189.7,108080.6,108141.9,25.28698551
2025-06-29 11:30:00,108141.9,108233.1,108138.9,108191.6,23.39734194
2025-06-29 11:45:00,108191.7,108499.0,108191.7,108479.4,97.2771812
2025-06-29 12:00:00,108479.3,108539.0,108143.8,108175.8,109.39642989
2025-06-29 12:15:00,108175.9,108314.7,108175.9,108212.0,22.94839539
2025-06-29 12:30:00,108212.0,108237.0,108027.8,108037.6,15.09365318
2025-06-29 12:45:00,108037.6,108189.8,108037.6,108189.8,9.61127666
2025-06-29 13:00:00,108189.7,108235.9,108117.9,108151.9,29.93312856
2025-06-29 13:15:00,108151.9,108160.0,108082.0,108109.4,14.33378936
2025-06-29 13:30:00,108109.4,108214.0,108014.0,108178.4,144.43254912
2025-06-29 13:45:00,108178.4,108222.1,108010.7,108054.1,341.9243798
2025-06-29 14:00:00,108054.1,108200.0,108052.7,108199.9,12.80700356
2025-06-29 14:15:00,108199.9,108210.0,108060.0,108080.0,21.92798414
2025-06-29 14:30:00,108080.1,108080.1,107775.5,107858.0,130.27886175
2025-06-29 14:45:00,107858.0,107972.9,107796.5,107940.0,29.54976239
2025-06-29 15:00:00,107940.1,108027.0,107816.5,107990.1,50.3906383
2025-06-29 15:15:00,107990.0,107990.0,107860.0,107909.7,12.35802228
2025-06-29 15:30:00,107909.8,107956.0,107880.1,107890.5,10.1270021
2025-06-29 15:45:00,107890.5,107890.5,107650.0,107744.1,37.20392296
2025-06-29 16:00:00,107744.0,107787.4,107619.6,107673.4,33.21125427
2025-06-29 16:15:00,107673.3,107751.7,107456.2,107529.0,73.19684718
2025-06-29 16:30:00,107529.0,107632.0,107461.6,107475.9,36.48680876
2025-06-29 16:45:00,107476.0,107600.0,107304.1,107552.1,44.53666143
2025-06-29 17:00:00,107554.0,107595.0,107498.3,107551.9,9.17897976
2025-06-29 17:15:00,107552.0,107571.9,107394.6,107406.0,12.83428021
2025-06-29 17:30:00,107406.1,107443.2,107303.0,107379.9,28.05728659
2025-06-29 17:45:00,107379.9,107535.9,107349.2,107535.9,15.46418316
2025-06-29 18:00:00,107535.9,107553.7,107435.2,107436.2,19.04694663
2025-06-29 18:15:00,107436.3,107628.0,107436.3,107617.1,10.13419182
2025-06-29 18:30:00,107617.2,107644.9,107569.9,107633.8,10.70880648
2025-06-29 18:45:00,107633.8,107712.0,107627.3,107628.0,25.51435207
2025-06-29 19:00:00,107628.1,107630.3,107524.0,107536.1,16.54106678
2025-06-29 19:15:00,107536.1,107578.6,107488.0,107557.3,18.00776867
2025-06-29 19:30:00,107557.7,107576.7,107380.6,107390.7,36.99266368
2025-06-29 19:45:00,107390.6,107455.6,107363.4,107400.0,11.36658929
2025-06-29 20:00:00,107400.0,107411.5,107367.6,107404.0,12.1796091
2025-06-29 20:15:00,107403.9,107490.7,107403.9,107474.0,5.32395135
2025-06-29 20:30:00,107473.9,107474.7,107429.2,107430.0,7.88330968
2025-06-29 20:45:00,107430.0,107465.7,107357.4,107358.4,18.64837768
2025-06-29 21:00:00,107358.5,107475.1,107236.0,107401.5,72.56910536
2025-06-29 21:15:00,107401.5,107569.9,107401.2,107526.5,14.83877786
2025-06-29 21:30:00,107526.5,107746.4,107526.5,107690.7,10.23087185
2025-06-29 21:45:00,107690.6,107690.7,107491.9,107551.9,6.3284818
2025-06-29 22:00:00,107552.0,107806.0,107552.0,107803.9,30.10099558
2025-06-29 22:15:00,107803.9,108034.6,107791.0,108026.0,72.29692447
2025-06-29 22:30:00,108028.0,108234.5,107826.0,108133.4,46.33152294
2025-06-29 22:45:00,108133.4,108280.7,108049.5,108082.1,30.80738476
2025-06-29 23:00:00,108083.0,108271.6,108012.1,108067.9,34.97833879
2025-06-29 23:15:00,108067.9,108433.4,108014.2,108389.8,41.76590938
2025-06-29 23:30:00,108389.7,108440.0,108289.9,108303.6,24.71364199
2025-06-29 23:45:00,108303.6,108415.5,108303.6,108361.5,16.17552548
2025-06-30 00:00:00,108361.5,108456.6,108250.2,108447.4,45.13901305
2025-06-30 00:15:00,108447.4,108700.0,108366.2,108661.9,150.12922453
2025-06-30 00:30:00,108661.9,108800.0,108576.0,108759.9,59.60388009
2025-06-30 00:45:00,108760.0,108784.8,108628.1,108713.5,30.80357622
2025-06-30 01:00:00,108713.5,108718.0,108400.1,108518.5,46.02038523
2025-06-30 01:15:00,108518.6,108700.0,108508.6,108691.9,25.23690906
2025-06-30 01:30:00,108691.9,108774.1,108680.0,108765.0,29.62608029
2025-06-30 01:45:00,108765.0,108778.6,108490.7,108505.9,27.67352701
2025-06-30 02:00:00,108505.9,108577.3,108452.0,108575.0,20.40593478
2025-06-30 02:15:00,108575.0,108661.9,108516.0,108590.8,16.62675822
2025-06-30 02:30:00,108590.7,108646.7,108512.9,108616.1,29.47271065
2025-06-30 02:45:00,108616.0,108616.0,108434.2,108486.1,17.13581097
2025-06-30 03:00:00,108486.6,108590.0,108452.8,108473.8,18.30483659
2025-06-30 03:15:00,108473.8,108526.7,108423.0,108459.9,22.49735613
2025-06-30 03:30:00,108460.0,108552.0,108459.9,108530.0,9.41143313
2025-06-30 03:45:00,108530.0,108555.0,108486.3,108506.0,21.70162945
2025-06-30 04:00:00,108506.0,108542.0,108476.9,108505.9,17.73187739
2025-06-30 04:15:00,108506.0,108521.9,108427.0,108446.3,23.12631173
2025-06-30 04:30:00,108446.4,108450.0,108366.0,108372.0,26.06855168
2025-06-30 04:45:00,108372.1,108415.5,108306.4,108322.3,23.80504824
2025-06-30 05:00:00,108322.3,108396.0,108308.0,108386.9,27.54363454
2025-06-30 05:15:00,108386.9,108386.9,108309.9,108309.9,14.02133414
2025-06-30 05:30:00,108309.9,108309.9,108166.0,108228.1,62.6444255
2025-06-30 05:45:00,108228.1,108324.0,108177.0,108285.9,32.75371671
2025-06-30 06:00:00,108286.0,108304.0,108234.5,108234.6,14.50375309
2025-06-30 06:15:00,108234.5,108234.6,108142.0,108142.0,22.6072969
2025-06-30 06:30:00,108142.1,108188.8,107750.0,107776.0,125.38741033
2025-06-30 06:45:00,107776.0,107801.6,107514.1,107564.3,64.14610918
2025-06-30 07:00:00,107564.4,107616.0,107464.7,107564.1,101.71525319
2025-06-30 07:15:00,107564.1,107757.1,107550.3,107708.0,51.46362751
2025-06-30 07:30:00,107708.0,107730.4,107613.5,107640.6,27.79495069
2025-06-30 07:45:00,107640.6,107674.2,107604.0,107621.0,29.14913908
2025-06-30 08:00:00,107620.9,107746.8,107565.3,107615.6,32.9230531
2025-06-30 08:15:00,107615.5,107637.7,107520.0,107616.0,18.08435832
2025-06-30 08:30:00,107616.0,107639.0,107512.8,107525.2,17.59944892
2025-06-30 08:45:00,107525.1,107589.9,107458.0,107504.2,21.31202586
2025-06-30 09:00:00,107504.2,107674.1,107465.4,107666.0,13.20842724
2025-06-30 09:15:00,107665.9,107708.0,107580.0,107651.5,16.17524311
2025-06-30 09:30:00,107651.4,107690.0,107490.0,107503.4,22.24887965
2025-06-30 09:45:00,107503.5,107541.3,107477.0,107477.1,25.35087993
2025-06-30 10:00:00,107477.1,107536.0,107461.5,107461.6,22.91100944
2025-06-30 10:15:00,107461.5,107527.2,107395.1,107513.9,52.32045558
2025-06-30 10:30:00,107514.0,107615.3,107468.0,107613.9,19.23501656
2025-06-30 10:45:00,107614.0,107676.5,107612.0,107642.1,65.87641396
2025-06-30 11:00:00,107642.2,107727.2,107626.0,107720.4,27.91626452
2025-06-30 11:15:00,107720.3,107938.9,107706.3,107855.9,30.91173385
2025-06-30 11:30:00,107855.9,107965.8,107784.3,107804.8,28.28819823
2025-06-30 11:45:00,107804.9,107892.5,107641.8,107662.3,32.01765592
2025-06-30 12:00:00,107662.3,107750.2,107660.1,107719.4,168.91628927
2025-06-30 12:15:00,107719.3,107837.0,107674.1,107734.7,24.89212414
2025-06-30 12:30:00,107734.6,107766.3,107600.0,107626.2,18.3655867
2025-06-30 12:45:00,107626.2,107626.3,107555.5,107581.1,20.32299096
2025-06-30 13:00:00,107581.1,107716.6,107581.1,107676.0,20.4015216
2025-06-30 13:15:00,107676.0,107887.7,107676.0,107843.0,26.05513603
2025-06-30 13:30:00,107843.0,107870.8,107566.6,107618.7,62.74251749
2025-06-30 13:45:00,107618.7,107731.9,107487.4,107499.9,52.9554748
2025-06-30 14:00:00,107528.1,107594.0,107509.9,107509.9,3.26690432
2025-06-30 14:15:00,107506.1,107644.9,107506.1,107574.1,28.11722964
